{
  "personal": [
    {
      "id": 1,
      "codigo": "PER001",
      "nombre": "Luis",
      "apellido": "Ramirez",
      "ci": "1637563847",
      "telefono": "09830256533",
      "correo": "luisRamirez@gmail.com",
      "direccion": "Quito",
      "cargo": "Profesor",
      "estado": "Activo",
      "created_at": "2025-07-11T19:02:01"
    }
  ],
  "items": [
    {
      "id": 1,
      "codigo": "ART001",
      "nombre": "Computador",
      "tipo": "articulo",
      "cantidad": 3,
      "valor_unitario": 300.0,
      "valor_total": 900.0,
      "created_at": "2025-07-11T19:04:48"
    },
    {
      "id": 2,
      "codigo": "ART002",
      "nombre": "Escobas",
      "tipo": "articulo",
      "cantidad": 5,
      "valor_unitario": 1.0,
      "valor_total": 5.0,
      "created_at": "2025-07-11T19:13:30"
    },
    {
      "id": 3,
      "codigo": "ART003",
      "nombre": "nnn",
      "tipo": "articulo",
      "cantidad": 10,
      "valor_unitario": 1.0,
      "valor_total": 10.0,
      "created_at": "2025-07-19T17:02:29"
    }
  ],
  "articulos": [
    {
      "item_id": 3,
      "cuenta_contable": "000000",
      "stock_min": 5,
      "stock_max": 100,
      "created_at": "2025-07-19T17:02:29"
    }
  ],
  "instrumentos": [],
  "proveedores": [
    {
      "id": 1,
      "codigo": "PROV001",
      "razon_social": "Nestle",
      "ci_ruc": "1721106191",
      "direccion": "Quito",
      "telefono": "09830256533",
      "correo": "nestle@gmail.com",
      "created_at": "2025-07-11T18:59:34"
    }
  ],
  "movimientos": [
    {
      "id": 1,
      "fecha": "2025-07-11T00:00:00",
      "tipo": "entrada",
      "cantidad": 2,
      "valor_unitario": 300.0,
      "valor_total": 600.0,
      "observaciones": "Stock inicial del art\u00edculo ART001",
      "item_id": 1,
      "usuario_id": 1,
      "created_at": "2025-07-11T19:04:48"
    },
    {
      "id": 2,
      "fecha": "2025-07-11T14:04:48",
      "tipo": "entrada",
      "cantidad": 2,
      "valor_unitario": 300.0,
      "valor_total": 600.0,
      "observaciones": "Entrada inicial - DONACI\u00d3N - 11111111 [DONACI\u00d3N] - Donado Por Danza Alegro",
      "item_id": 1,
      "usuario_id": 1,
      "created_at": "2025-07-11T19:04:48"
    },
    {
      "id": 3,
      "fecha": "2025-07-11T14:05:43",
      "tipo": "entrada",
      "cantidad": 3,
      "valor_unitario": 300.0,
      "valor_total": 900.0,
      "observaciones": "Factura: 65165498651n - Ingreso de computadoras",
      "item_id": 1,
      "usuario_id": 1,
      "created_at": "2025-07-11T19:05:44"
    },
    {
      "id": 4,
      "fecha": "2025-07-11T00:00:00",
      "tipo": "salida",
      "cantidad": 4,
      "valor_unitario": 300.0,
      "valor_total": 1200.0,
      "observaciones": "Asignado a: Luis Ramirez - Asignaci\u00f3n m\u00faltiple - Evento especifico",
      "item_id": 1,
      "usuario_id": 1,
      "created_at": "2025-07-11T19:09:50"
    },
    {
      "id": 5,
      "fecha": "2025-07-11T00:00:00",
      "tipo": "entrada",
      "cantidad": 10,
      "valor_unitario": 1.0,
      "valor_total": 10.0,
      "observaciones": "Stock inicial del art\u00edculo ART002",
      "item_id": 2,
      "usuario_id": 1,
      "created_at": "2025-07-11T19:13:30"
    },
    {
      "id": 6,
      "fecha": "2025-07-11T14:13:30",
      "tipo": "entrada",
      "cantidad": 10,
      "valor_unitario": 1.0,
      "valor_total": 10.0,
      "observaciones": "Entrada inicial - Factura: 65165498651n - 65165498651n",
      "item_id": 2,
      "usuario_id": 1,
      "created_at": "2025-07-11T19:13:30"
    },
    {
      "id": 7,
      "fecha": "2025-07-11T00:00:00",
      "tipo": "salida",
      "cantidad": 15,
      "valor_unitario": 1.0,
      "valor_total": 15.0,
      "observaciones": "Asignado a: Luis Ramirez - Para limpieza",
      "item_id": 2,
      "usuario_id": 1,
      "created_at": "2025-07-11T19:14:40"
    },
    {
      "id": 8,
      "fecha": "2025-07-19T12:02:29",
      "tipo": "entrada",
      "cantidad": 5,
      "valor_unitario": 1.0,
      "valor_total": 5.0,
      "observaciones": "Entrada inicial - DONACI\u00d3N - 000000 [DONACI\u00d3N] - mmm",
      "item_id": 3,
      "usuario_id": 1,
      "created_at": "2025-07-19T17:02:29"
    }
  ],
  "consumos": [
    {
      "id": 1,
      "numero": 1,
      "fecha": "2025-07-11",
      "hora": "14:09:50",
      "descripcion": "Asignaci\u00f3n de 4 unidades de art\u00edculo a Luis",
      "cantidad": 4,
      "valor_unitario": 300.0,
      "valor_total": 1200.0,
      "observaciones": "Asignaci\u00f3n m\u00faltiple - Evento especifico",
      "estado": "Asignado",
      "persona_id": 1,
      "item_id": 1,
      "usuario_id": 1,
      "created_at": "2025-07-11T19:09:50"
    },
    {
      "id": 2,
      "numero": 1,
      "fecha": "2025-07-11",
      "hora": "14:14:40",
      "descripcion": "Asignaci\u00f3n de 15 unidades de art\u00edculo a Luis",
      "cantidad": 15,
      "valor_unitario": 1.0,
      "valor_total": 15.0,
      "observaciones": "Para limpieza",
      "estado": "Asignado",
      "persona_id": 1,
      "item_id": 2,
      "usuario_id": 1,
      "created_at": "2025-07-11T19:14:40"
    }
  ]
}